{
  "fixed acidity": {
    "count": 5320.0,
    "mean": 7.215178571428571,
    "std": 1.3196706812560997,
    "min": 3.8,
    "25%": 6.4,
    "50%": 7.0,
    "75%": 7.7,
    "max": 15.9
  },
  "volatile acidity": {
    "count": 5320.0,
    "mean": 0.3441296992481203,
    "std": 0.168248260213208,
    "min": 0.08,
    "25%": 0.23,
    "50%": 0.3,
    "75%": 0.41,
    "max": 1.58
  },
  "citric acid": {
    "count": 5320.0,
    "mean": 0.31849436090225564,
    "std": 0.1471573342924657,
    "min": 0.0,
    "25%": 0.24,
    "50%": 0.31,
    "75%": 0.4,
    "max": 1.66
  },
  "residual sugar": {
    "count": 5320.0,
    "mean": 5.0484774436090225,
    "std": 4.500180119377681,
    "min": 0.6,
    "25%": 1.8,
    "50%": 2.7,
    "75%": 7.5,
    "max": 65.8
  },
  "chlorides": {
    "count": 5320.0,
    "mean": 0.056689849624060144,
    "std": 0.036863314781293476,
    "min": 0.009,
    "25%": 0.038,
    "50%": 0.047,
    "75%": 0.066,
    "max": 0.611
  },
  "free sulfur dioxide": {
    "count": 5320.0,
    "mean": 30.036654135338345,
    "std": 17.805044757279468,
    "min": 1.0,
    "25%": 16.0,
    "50%": 28.0,
    "75%": 41.0,
    "max": 289.0
  },
  "total sulfur dioxide": {
    "count": 5320.0,
    "mean": 114.10902255639098,
    "std": 56.774223208496984,
    "min": 6.0,
    "25%": 74.0,
    "50%": 116.0,
    "75%": 153.25,
    "max": 440.0
  },
  "density": {
    "count": 5320.0,
    "mean": 0.9945352988721804,
    "std": 0.0029655050633962832,
    "min": 0.98711,
    "25%": 0.9922,
    "50%": 0.99465,
    "75%": 0.99677,
    "max": 1.03898
  },
  "pH": {
    "count": 5320.0,
    "mean": 3.2246635338345864,
    "std": 0.1603792024362451,
    "min": 2.72,
    "25%": 3.11,
    "50%": 3.21,
    "75%": 3.33,
    "max": 4.01
  },
  "sulphates": {
    "count": 5320.0,
    "mean": 0.5333571428571429,
    "std": 0.14974292781635964,
    "min": 0.22,
    "25%": 0.43,
    "50%": 0.51,
    "75%": 0.6,
    "max": 2.0
  },
  "alcohol": {
    "count": 5320.0,
    "mean": 10.549241228070175,
    "std": 1.185932928254225,
    "min": 8.0,
    "25%": 9.5,
    "50%": 10.4,
    "75%": 11.4,
    "max": 14.9
  }
}